b ,h,b' ,h' ,fc,ALfyL ,Atfyt/s ,Ts 
350,500,300,450,78.5,526.504,313.852,92
350,500,300,450,78.5,831.152,313.852,115.1
350,500,300,450,78.5,1489.8,627.704,196
350,500,300,450,78.5,1925.28,1013.6,239
350,500,300,450,68.4,859.5,348.7244,126.7
350,500,300,450,68.4,859.5,570.15,135.2
350,500,300,450,35.5,524.304,313.852,79.7
350,500,300,450,35.5,831.152,313.852,95.2
350,500,300,450,35.5,831.152,627.704,116.8
350,500,300,450,35.5,1925.28,1013.6,158
350,500,300,450,35.5,859.5,332.8733,111.7
350,500,300,450,35.5,859.5,570.15,125
203,305,165,267,39.6,195.6248,246.3527,19.4
203,305,165,267,64.6,195.6248,263.5247,18.9
203,305,165,267,75,195.6248,246.3527,21.1
203,305,165,267,80.6,195.6248,263.5247,19.4
203,305,165,267,76.2,195.6248,269.9351,18.4
203,305,165,267,72.9,242.2486,289.8251,22.5
203,305,165,267,75.9,283.5546,305.9264,23.7
203,305,165,267,76.7,301.872,393.334,24
160,275,130,245,61.8,944.8668,580.3233,20
160,275,130,245,57.1,947.9546,580.3233,18.5
160,275,130,245,61.7,944.8668,580.3233,19.1
160,275,130,245,77.3,952.5863,574.2147,20.1
160,275,130,245,76.2,952.5863,578.578,21
160,275,130,245,109.8,954.0684,571.5967,24.7
160,275,130,245,105.1,971.1131,571.5967,24.8
254,381,215.9,342.9,27.68,159.3647,159.7389,22.3
254,381,215.9,342.9,28.06,249.555,319.1643,37.5
254,381,215.9,342.9,30.54,284.4089,444.7555,47.3
254,381,215.9,342.9,28.82,379.0645,714.7253,61.7
254,381,215.9,342.9,28.82,243.2533,284.8838,29.8
254,381,215.9,342.9,26.61,169.1742,158.1242,22.4
254,381,215.9,342.9,25.58,204.8955,231.5371,27.7
254,381,215.9,342.9,28.41,260.3525,332.2333,40.2
254,381,215.9,342.9,30.61,293.6011,457.6316,47.9
254,381,215.9,342.9,30.54,250.6066,242.8552,40.6
254,381,215.9,342.9,26.75,286.2491,295.7724,43.8
254,381,215.9,342.9,26.54,323.6366,394.7267,49.6
254,381,215.9,342.9,29.37,727.2408,617.368,60.1
254,381,215.9,342.9,45.23,206.6481,252.3823,36
254,381,215.9,342.9,44.95,280.115,448.1497,58.1
254,381,215.9,342.9,45.02,315.2242,589.871,70.7
254,508,215.9,469.9,29.79,163.5709,129.0483,26.8
254,508,215.9,469.9,30.89,204.8955,197.2124,40.3
254,508,215.9,469.9,26.82,257.9599,266.5013,49.6
254,508,215.9,469.9,28.27,289.3073,379.0802,64.9
254,508,215.9,469.9,30.96,456.4989,279.824,52.7
254,508,215.9,215.9,28.34,552.5348,397.2268,63.3
254,254,215.9,215.9,36.9,102,114,12.5
254,254,215.9,215.9,39.6,102,114,13.1
254,254,215.9,215.9,39.4,282,322,27.8
254,254,229,229,39.2,400,447,34.5
178,356,140.6,324,36.3,102,109,12.3
178,356,140.6,324,39.6,196,203,20.8
178,356,140.3,321,38.6,282,309,25.3
178,356,140.6,321,38.5,400,424,31.8
350,500,300,450,67,651,121,62.2
350,500,300,450,35,706,89,52.9
350,500,300,450,67,421,275,93.7
150,1200,100,1150,44.2,1086,180,74
150,1000,100,950,29.5,903,180,50.7
150,1000,98,948,29.5,903,564,74.3
150,1000,94,944,33.8,1599,799,80.5
150,800,98,748,29.5,649,564,60.1
240,440,190,390,19,155,129,19.5
240,440,190,390,19,309,258,34.3
240,440,190,390,17.6,199,166,21.6
324,324,284,284,19,155,129,21.1
140,806,110,750,19.5,232,129,21.9
240,440,190,390,19,397,331,33.3
240,440,190,390,26.4,397,331,42.1
240,440,190,390,49.8,397,331,48.5
240,440,190,390,19.5,155,258,23.9
240,440,190,390,19.5,232,258,30.4
240,440,190,390,18.5,309,192,31
160,294,110,244,39.1,131,162,13.9
240,440,190,390,36.1,293,243,39.2
254,381,216,343,27.6,159.588,159.198,22.3
254,381,216,343,28.1,325.12,372.1536,37.48
254,381,216,343,30.6,593.6258,677.7636,56.11
254,381,216,343,28.8,728.8824,856.1177,61.64
254,381,216,343,26,323.6976,165.12,26.87
254,381,216,343,28.8,159.7448,362.7248,29.8
254,381,216,343,26.5,159.372,861.72,34.4
254,254,216,216,26.5,209.415,169.338,15.3
254,254,216,216,27.2,581.343,508.2084,29.69
254,254,216,216,27.6,783.2916,644.1201,34.21
254,508,216,470,26.8,271.5804,384.6496,49.56
254,508,216,470,28.3,362.8606,503.874,64.8
254,508,216,470,29.9,196.35,253.84,39.1
254,508,216,470,28.3,405.328,548.5363,73.38
254,381,216,343,45.2,253.025,258.05,36
254,381,216,343,45,457.0062,487.9296,58.02
254,381,216,343,45,601.1985,632.7017,70.67
254,381,216,343,45.8,742.882,840.1155,76.65
254,381,216,343,14.6,245.6447,256,29.13
254,381,216,343,16.9,342.5952,441.4496,35.22
254,381,216,343,16.8,464.7117,501.7068,40.64
152,495,114,457,30.6,228.7583,259.9866,23.71
152,495,114,457,28.6,511.7,586.0023,35
254,381,216,343,29.9,168.0756,260.96,30.37
254,381,216,343,30.6,241.8244,373.744,40.53
254,381,216,343,26.8,301.4088,498.6108,43.8
254,381,216,343,28,517.353,865.1512,55.65
254,381,216,343,29.4,532.5141,972.1382,60.06
152,305,130,283,29.5,119.49,100.0816,9.09
152,305,130,283,30.4,214.5665,170.796,14.45
152,305,130,283,28.4,223.9947,53.6291,13.21
152,305,130,283,27.3,178.6636,149.8242,12.19
500,500,454,454,35.3,366.6876,645.627,138.61
440,240,420,220,26.4,316.1776,379.5214,42.11
440,240,420,220,39.1,316.1776,379.5214,46.4
294,160,280,146,39.1,206.5107,132.72,13.89
440,240,420,220,36.1,232.218,284.856,39.17
587,320,561,294,40,315.8736,591.924,100.8
580,186,560,166,17.6,131.943,184.7202,19.98
806,140,786,120,19.5,124.4748,224.2312,21.9
440,240,420,220,19,131.943,158.3316,19.53
440,240,420,220,19.5,196.833,237.4974,28.56
440,240,420,220,17.6,165.561,198.6732,21.56
440,240,420,220,19,331.122,397.3464,33.3
440,240,420,220,19.5,247.184,148.3104,23.93
440,240,420,220,19.5,247.184,222.4656,30.37
440,240,420,220,18.5,123.592,296.6208,25.96
254,254,222,222,38.2,222.87,196.08,22.58
254,254,219,219,39.4,321.84,281.92,27.77
178,356,146,324,36.3,110.295,102.6,12.3
178,356,146,324,39.6,204.915,192.66,20.8
160,275,120,235,41.7,580.545,957.28,16.62
160,275,120,235,38.2,584.037,985.072,15.29
160,275,120,235,61.8,580.545,944.928,19.95
160,275,120,235,57.1,580.545,948.016,18.46
160,275,120,235,61.7,580.545,944.928,19.13
160,275,120,235,76.9,572.688,948.016,20.74
160,275,120,235,76.2,578.799,952.648,20.96
160,275,120,235,109.8,571.815,954.192,24.72
160,275,120,235,105.1,571.815,971.176,24.77
203,305,165,267,39.6,244.688,199.176,19.4
203,305,165,267,64.6,261.744,199.176,18.9
203,305,165,267,80.6,261.744,199.176,19.4
203,305,165,267,76.2,268.27,199.176,18.4
203,305,165,267,75.9,304.168,288.702,23.7
203,305,165,267,76.7,391.018,304,24
203,305,165,267,93.9,253.216,199.176,21
350,500,300,450,78.5,312.4,846.65,115.1
350,500,300,450,68.4,331.38,851.5,126.7
350,500,300,450,68.4,331.38,1419.5,144.5
350,500,300,450,68.4,580.68,851.5,135.2
350,500,300,450,78.5,1032.24,1907.36,239
350,500,300,450,35.5,312.4,528,79.7
350,500,300,450,33.5,331.38,1419.5,117.3
350,500,300,450,35.5,624.36,846.65,116.8
350,500,300,450,33.5,580.68,851.5,125
350,500,300,450,35.5,1032.24,1907.36,158
420,420,370,370,76,228.69,357.588,84.9
420,420,370,370,78,228.69,635.6,104.23
350,500,300,450,35,195.965,304,60.6
350,500,300,450,67,89.4,705.483,56.3
250,700,200,650,76,195.965,357.588,73.54
250,700,200,650,78,195.965,635.6,95.86
300,350,260,310,44,310.43,311.6,45.9
300,350,260,310,41.7,405.89,415.74,54.1
300,350,260,310,41.7,202.76,404.94,38.1
300,350,260,310,42.7,299.7,607.92,50.2
300,350,260,310,42.6,351.87,717.36,56.4
300,400,270,370,73.7,345.092,1399.844,86.8
300,400,270,370,73.7,348.624,1545.403,88
300,400,270,370,73.7,348.624,1951.11,89.4
300,400,270,370,84.7,348.624,630.568,74.5
300,400,270,370,84.7,348.624,747.384,70
300,400,270,370,83.1,345.092,360.24,74.2
300,400,270,370,83.1,348.624,497.838,69.9
350,500,300,450,29.3,185.13,860.1876,57
200,300,168,268,42.1,335.4148,311.7444,19.7
200,300,138,238,39.4,335.4148,311.7444,12.5
200,300,168,268,60.8,335.4148,311.7444,19.9
400,600,310,510,35.4,367.3853,566.4464,123
400,600,310,510,35.4,384.7536,631.218,124
400,600,310,510,35.4,346.8138,595.232,89
400,600,310,510,35.4,476.8533,777.6188,109
400,600,310,510,35.4,424.3776,736.7448,108
400,600,310,510,35.4,329.1084,513.5344,106
400,600,310,510,35.4,585.0816,1020.006,120
254,381,216,343,28.4,338.4296,387.8304,39.11
254,381,216,343,30.6,466.6731,511.3044,47.93
500,500,454,454,35.3,366.6876,645.627,140.01
500,500,430,430,35.3,366.996,646.17,143.1
800,400,730,330,47.1,527.2612,528.6,156.88
324,324,304,304,17.2,128.8224,154.7658,21.79
600,600,537,547,48.4,199.9238,454.4227,150.79
600,600,538,531,47.3,437.0252,937.998,254.08
600,600,520,525,54.8,802.0056,1719.263,368.22
600,600,533,534,69.8,466.253,980.3592,273.28
600,600,535,537,77.8,802.0056,1719.263,355.85
600,600,523,536,79.8,1013.979,2328.786,437.85
600,600,532,533,94.8,437.0252,937.998,266.14
600,600,545,540,91.6,748.3956,1719.263,351.17
600,600,540,543,96.7,1169.976,2655.989,467.26
420,420,370,370,78,161.315,705.483,94.31
250,700,200,650,78,166.32,635.6,87.51
497,711,437,651,35.1,378.333,488.236,209.98
503,710,443,650,39.2,377.34,2303.844,278
500,721,440,661,46.5,505.68,1288.906,300.66
501,722,441,662,105.7,576.63,1322.974,343.08
400,600,310,510,36.5,386.3634,652.8688,128
400,600,310,510,36.5,355.5288,592.781,130
400,600,310,510,36.5,478.5592,799.0991,143
400,600,310,510,36.5,479.8926,787.2183,125
350,500,300,450,78.5,831.152,627.704,155.3
350,500,300,450,68.4,1432.5,348.7244,144.5
350,500,300,450,35.5,1489.8,627.704,138
203,305,300,450,35.5,1432.5,332.8733,117.3
203,305,165,267,93.9,195.6248,254.9387,21
160,275,130,245,41.7,957.218,580.3233,16.6
160,275,130,245,36.3,934.0595,586.432,15.3
160,275,130,245,76.9,947.9546,572.4693,20.7
254,381,215.9,342.9,38.61,200.9585,223.8203,29.3
254,381,215.9,342.9,26.48,382.2192,284.3101,32.4
254,381,215.9,342.9,29.85,207.0862,168.5422,30.4
254,381,215.9,342.9,27.99,383.0079,507.6436,55.7
254,381,215.9,342.9,45.78,371.9665,728.4807,76.7
254,508,215.9,469.9,26.89,336.2452,483.053,72
254,254,215.9,215.9,38.2,196,219,22.6
178,356,140.6,324,39.9,102,109,12.8
350,500,300,450,67,706,89,56.3
150,1000,98,948,44.2,869,362,68
240,440,190,390,19,232,192,28.6
186,580,139,535,17.6,180,129,20
240,440,190,390,39.1,397,331,46.4
240,440,190,390,18.5,309,129,26
254,381,216,343,29.2,453.0834,495.36,47.3
254,381,216,343,26.8,722.56,166.2036,32.51
254,254,216,216,27.2,429.4836,382.3776,25.29
254,508,216,470,26.9,493.038,674.909,71.91
254,381,216,343,44.8,339.1408,390.1024,45.61
254,381,216,343,14.3,161.3292,169.0416,21.45
152,495,114,457,29,334.1694,379.08,28.45
254,381,216,343,26.6,403.0677,649.6254,49.56
152,305,130,283,28.7,120.68,98.3208,8.99
152,305,130,283,27.3,284.0082,224.3122,15.69
440,240,420,220,49.8,316.1776,379.5214,48.54
324,324,304,304,19,160.4448,192.7566,21.11
440,240,420,220,19,263.886,316.6632,34.32
440,240,420,220,18.5,184.5052,296.6208,31.04
254,254,219,219,39.2,447.12,398.736,34.43
178,356,143,321,38.6,309.6,281.92,25.29
160,275,120,235,36.3,586.656,934.12,15.25
160,275,120,235,77.3,574.434,952.648,20.06
160,275,120,235,105,576.18,978.896,23.62
203,305,165,267,75,244.688,199.176,21.1
203,305,165,267,72.9,287.956,249.711,22.5
350,500,300,450,78.5,313.72,524.48,92
350,500,300,450,78.5,624.36,1476.28,196
350,500,300,450,33.5,331.38,851.5,111.7
350,500,300,450,35.5,624.36,1476.28,138
420,420,370,370,48,161.315,425.52,74.7
350,500,300,450,35,89.4,705.483,52.9
300,350,260,310,42.6,599.595,607.92,62.4
300,400,270,370,84.7,345.092,783.864,76.3
300,400,270,370,83.1,348.624,396.72,67.7
350,500,300,450,40.3,517.7186,841.9662,98.4
200,300,138,238,60.8,335.4148,311.7444,13.8
400,600,310,510,35.4,453.572,717.5995,126
400,600,310,510,35.4,471.0816,820.7936,106
500,500,430,430,45.1,366.996,1110.163,185.5
324,324,304,304,17.2,257.6448,309.0843,34.5
600,600,528,528,53.1,950.7736,2219.477,412.24
600,600,540,549,91.7,199.9238,454.4227,151.76
600,600,533,529,87.5,1520.969,3492.818,521.33
502,719,442,659,27.6,288.42,928,215.25
498,734,438,674,94.9,491.49,1331.491,339.48
400,600,310,510,36.5,384.8774,648.054,117
400,600,310,510,36.5,277.992,477.603,102
400,600,310,510,36.5,529.5421,672.0183,129
254,381,215.9,342.9,29.03,337.6473,582.385,56.2
300,350,260,310,43.2,202.76,207.87,32.9
150,800,98,748,29.5,564.369,649.026,60.1
600,600,546,545,91.4,950.7736,2219.477,450.31
250,700,200,650,48,130.9,425.52,64.14
400,600,310,510,36.5,440.2857,739.2035,127
160,275,130,245,105,978.7692,575.96,23.6
150,800,102,752,29.5,649,174,40.4
320,587,275,542,40,592,313,100.8
254,508,216,470,30.9,197.394,256.462,40.3
254,381,215.9,342.9,44.75,261.6403,332.9217,45.6
254,508,216,470,31,285.3552,383.16,52.61
350,500,300,450,78.5,624.36,846.65,155.3
350,500,300,450,35.5,312.4,846.65,95.2
350,500,300,450,67,121.2,650.945,62.2
350,500,300,450,40.3,185.13,860.1876,58.3
600,600,535,535,46.2,591.1396,1217.044,299.92
600,600,518,518,76.4,1267.474,2910.802,456.19
498,710,438,650,48.1,317.34,906,237.48
499,723,439,663,90.6,576.63,1322.974,370.15
350,500,300,450,67,274.505,421.296,93.7
350,500,300,450,29.3,185.13,372.248,55
400,600,310,510,35.4,264.7656,424.802,101
178,356,143,321,38.5,423.36,398.736,31.72
